{"count":1,"self":1021.46048,"total":21903.0005221,"children":{"InitializeActuators":{"count":12,"self":0.0032499,"total":0.0032499,"children":null},"InitializeSensors":{"count":12,"self":0.0105151,"total":0.0105151,"children":null},"AgentSendState":{"count":164026,"self":4978.6744831999995,"total":5237.156421,"children":{"CollectObservations":{"count":396876,"self":21.5423168,"total":21.542317399999998,"children":null},"WriteActionMask":{"count":396876,"self":1.5482243999999998,"total":1.5482243999999998,"children":null},"RequestDecision":{"count":396876,"self":3.9211304,"total":235.3915289,"children":{"AgentInfo.ToProto":{"count":396876,"self":6.6615588,"total":231.4703984,"children":{"GenerateSensorData":{"count":396876,"self":27.0126176,"total":224.80883949999998,"children":{"CameraSensor.GetCompressedObservation":{"count":396876,"self":197.796224,"total":197.79622089999998,"children":null}}}}}}}}},"DecideAction":{"count":164026,"self":15527.211827199999,"total":15527.2115034,"children":null},"AgentAct":{"count":164026,"self":115.125248,"total":117.09715609999999,"children":{"AgentInfo.ToProto":{"count":3504,"self":0.0658415,"total":1.9719081999999999,"children":{"GenerateSensorData":{"count":3504,"self":0.2413717,"total":1.9060667,"children":{"CameraSensor.GetCompressedObservation":{"count":3504,"self":1.6646949999999998,"total":1.6646949999999998,"children":null}}}}}}},"AgentInfo.ToProto":{"count":73,"self":0.0034858999999999997,"total":0.0319987,"children":{"GenerateSensorData":{"count":73,"self":0.0038669,"total":0.028512799999999998,"children":{"CameraSensor.GetCompressedObservation":{"count":73,"self":0.0246459,"total":0.0246459,"children":null}}}}}},"gauges":{"WKBehavior.CumulativeReward":{"count":1799,"max":5.50999975,"min":-6.91003466,"runningAverage":-1.88147342,"value":-2.869998,"weightedAverage":-1.6918112},"GKBehavior.CumulativeReward":{"count":1778,"max":1.91999865,"min":-7.420068,"runningAverage":-1.89799607,"value":-1.15999925,"weightedAverage":-1.41001248}},"metadata":{"timer_format_version":"0.1.0","start_time_seconds":"1719083612","unity_version":"2022.3.29f1","command_line_arguments":"C:\\Users\\almon\\Knights of Papers\\build3\/Knights of Papers.exe --mlagents-port 5005","communication_protocol_version":"1.5.0","com.unity.ml-agents_version":"3.0.0-exp.1","scene_name":"KoP2","end_time_seconds":"1719105513"}}