{"count":1,"self":300.0612352,"total":44293.279478899996,"children":{"InitializeActuators":{"count":12,"self":0.0029831,"total":0.0029831,"children":null},"InitializeSensors":{"count":12,"self":0.0096075,"total":0.0096075,"children":null},"AgentSendState":{"count":248953,"self":1569.5433727999998,"total":1935.319419,"children":{"CollectObservations":{"count":602244,"self":27.8639744,"total":27.863975699999997,"children":null},"WriteActionMask":{"count":602244,"self":3.4704943999999998,"total":3.4704941999999996,"children":null},"RequestDecision":{"count":602244,"self":4.8763695999999994,"total":334.4416165,"children":{"AgentInfo.ToProto":{"count":602244,"self":13.022076799999999,"total":329.5652468,"children":{"GenerateSensorData":{"count":602244,"self":44.526412799999996,"total":316.5431701,"children":{"CameraSensor.GetCompressedObservation":{"count":602244,"self":272.016768,"total":272.0167566,"children":null}}}}}}}}},"DecideAction":{"count":248953,"self":41680.525721599995,"total":41680.5246368,"children":null},"AgentAct":{"count":248953,"self":374.4331264,"total":377.3249954,"children":{"AgentInfo.ToProto":{"count":5532,"self":0.0901366,"total":2.8918577,"children":{"GenerateSensorData":{"count":5532,"self":0.4267427,"total":2.8017211,"children":{"CameraSensor.GetCompressedObservation":{"count":5532,"self":2.3749784,"total":2.3749784,"children":null}}}}}}},"AgentInfo.ToProto":{"count":71,"self":0.0025020999999999997,"total":0.0326228,"children":{"GenerateSensorData":{"count":71,"self":0.0040514999999999995,"total":0.0301207,"children":{"CameraSensor.GetCompressedObservation":{"count":71,"self":0.026069199999999997,"total":0.026069199999999997,"children":null}}}}}},"gauges":{"GKBehavior.CumulativeReward":{"count":2790,"max":1.05999923,"min":-7.95007229,"runningAverage":-1.86916077,"value":-2.899998,"weightedAverage":-1.66791785},"WKBehavior.CumulativeReward":{"count":2813,"max":1.50999892,"min":-8.560073,"runningAverage":-1.83183086,"value":-1.86999893,"weightedAverage":-1.55657756}},"metadata":{"timer_format_version":"0.1.0","start_time_seconds":"1718513130","unity_version":"2022.3.29f1","command_line_arguments":"C:\\Users\\almon\\Knights of Papers\\build2\/Knights of Papers.exe --mlagents-port 5005","communication_protocol_version":"1.5.0","com.unity.ml-agents_version":"3.0.0-exp.1","scene_name":"KoP2","end_time_seconds":"1718557421"}}