{"count":1,"self":152.2013696,"total":200.946732,"children":{"InitializeActuators":{"count":8,"self":0.000968,"total":0.000968,"children":null},"InitializeSensors":{"count":8,"self":0.0027919999999999998,"total":0.0027919999999999998,"children":null},"AgentSendState":{"count":10011,"self":0.068826,"total":15.66559,"children":{"CollectObservations":{"count":16088,"self":0.24085299999999998,"total":0.24085299999999998,"children":null},"WriteActionMask":{"count":16088,"self":0.011124,"total":0.011124,"children":null},"RequestDecision":{"count":16088,"self":0.030685999999999998,"total":15.344787,"children":{"AgentInfo.ToProto":{"count":16088,"self":0.039778999999999995,"total":15.314100999999999,"children":{"GenerateSensorData":{"count":16088,"self":0.240141,"total":15.274322,"children":{"CameraSensor.GetCompressedObservation":{"count":16088,"self":15.0341808,"total":15.034180999999998,"children":null}}}}}}}}},"DecideAction":{"count":10011,"self":29.085548799999998,"total":29.085549999999998,"children":null},"AgentAct":{"count":10011,"self":3.9222279999999996,"total":3.9887159999999997,"children":{"AgentInfo.ToProto":{"count":80,"self":0.000185,"total":0.066487999999999992,"children":{"GenerateSensorData":{"count":80,"self":0.001099,"total":0.066303,"children":{"CameraSensor.GetCompressedObservation":{"count":80,"self":0.065204,"total":0.065204,"children":null}}}}}}}},"gauges":{"WKBehavior.CumulativeReward":{"count":40,"max":290.320129,"min":-3.08999777,"runningAverage":7.53525257,"value":1.28999913,"weightedAverage":0.579867244},"GKBehavior.CumulativeReward":{"count":40,"max":289.8501,"min":-3.50999713,"runningAverage":5.774004,"value":-0.8099997,"weightedAverage":-1.24441123}},"metadata":{"timer_format_version":"0.1.0","start_time_seconds":"1721496148","unity_version":"2022.3.29f1","command_line_arguments":"\/Users\/almondgod\/Repositories\/Knights-of-Papers\/build6.app\/Contents\/MacOS\/Knights of Papers --mlagents-port 5005","communication_protocol_version":"1.5.0","com.unity.ml-agents_version":"2.3.0-exp.3","scene_name":"TrainingArena","end_time_seconds":"1721496349"}}